Year,Revenue,Op_Profit,Op_Margin_Percent
2018,243771415000000.0,58886669000000.0,24.1565111315451
2019,230400881000000.0,27768509000000.0,12.052258168231571
2020,236806988000000.0,35993876000000.0,15.199668009797076
2021,279604799000000.0,51633856000000.0,18.466727389754137
2022,302231360000000.0,43376630000000.0,14.352127456263968
2023,258935494000000.0,6566976000000.0,2.536143615753196
2024,300870903000000.0,32725961000000.0,10.877077402197314
